{"cameraMode":{"drawMode":0,"name":"Shaded","section":"Shading Mode"},"sceneLighting":true,"audioPlay":false,"sceneViewState":{"showFog":true,"showMaterialUpdate":false,"showSkybox":true,"showFlares":true,"showImageEffects":true,"showParticleSystems":true},"in2DMode":false,"pivot":{"x":-8.781497955322266,"y":3.0913162231445314,"z":-6.987510681152344},"rotation":{"x":0.05743478611111641,"y":-0.9312047362327576,"z":0.1680082082748413,"w":0.3183349072933197},"size":12.465015411376954,"orthographic":false}