{"cameraMode":{"drawMode":0,"name":"Shaded","section":"Shading Mode"},"sceneLighting":true,"audioPlay":false,"sceneViewState":{"showFog":true,"showMaterialUpdate":false,"showSkybox":true,"showFlares":true,"showImageEffects":true,"showParticleSystems":true},"in2DMode":false,"pivot":{"x":-12.664657592773438,"y":6.882656097412109,"z":-3.6657543182373049},"rotation":{"x":-0.01573849469423294,"y":-0.9834113717079163,"z":0.14742839336395265,"w":-0.1048402339220047},"size":11.057621002197266,"orthographic":false}